<yas>

    <scene root="root" axis_length="5" />

    <views default="full_P">
        <perspective id="full_P" near="1" far="1000" angle="30">
            <from x="40" y="50" z="0" />
            <to x="0" y="-5" z="0" />
        </perspective>
    </views>

    <ambient>
        <ambient r="0.1" g="0.1" b="0.1" a="1" />
        <background r="0.4" g="0.8" b="1" a="1" />
    </ambient>

    <lights>
        <omni id="omni" enabled="true">
            <location x="0" y="7" z="0" w="0" />
            <ambient r="1" g="1" b="1" a="1" />
            <diffuse r="1" g="1" b="1" a="1" />
            <specular r="0" g="0" b="0" a="1" />
        </omni>
    </lights>

    <textures>
        <texture id="tile" file="images/tile.png" />
        <texture id="p1" file="images/player1.png" />
        <texture id="p2" file="images/player2.png" />
        <texture id="shadow" file="images/shadow.png" />
        <texture id="seagull" file="images/seagull.jpg" />
        <texture id="terrain" file="images/terrain.jpg" />
        <texture id="height" file="images/height.jpg" />
        <texture id="wood" file="images/wood.jpg" />
        <texture id="ball" file="images/ball.jpg" />
        <texture id="water" file="images/water.jpg" />
        <texture id="waterheight" file="images/heightwater.jpg" />
        <texture id="umbrella" file="images/parasol.jpg" />
        <texture id="towel" file="images/towel.jpg" />
        <texture id="volcano" file="images/volcano.jpg" />
        <texture id="volcanoheight" file="images/volcanoheight.jpg" />
        <texture id="lava" file="images/lava.jpg" />
        <texture id="lavaheight" file="images/lavaheight.jpg" />
        <texture id="bridge" file="images/bridge.jpg" />
        <texture id="metal" file="images/metal.jpg" />
        <texture id="casino" file="images/casino.jpg" />
        <texture id="casinoheight" file="images/casinoheight.jpg" />
    </textures>

    <materials>
        <material id="defMat" shininess = "1">
            <emission r="0" g="0" b="0" a="0" />
            <ambient r="1" g="1" b="1" a="0" />
            <diffuse r="1" g="1" b="1" a="0" />
            <specular r="1" g="1" b="1" a="0" />
        </material>
    </materials>

    <transformations>
    </transformations>

    <animations>

        <linear id="l1" span="5">
            <controlpoint xx="0" yy="0" zz="0" />
            <controlpoint xx="0" yy="3" zz="-10" />
            <controlpoint xx="0" yy="-3" zz="-20" />
            <controlpoint xx="0" yy="3" zz="-30" />
            <controlpoint xx="0" yy="0" zz="-40" />
        </linear>

        <linear id="l2" span="5">
            <controlpoint xx="10" yy="0" zz="-40" />
            <controlpoint xx="15" yy="0" zz="-30" />
            <controlpoint xx="10" yy="0" zz="-20" />
            <controlpoint xx="15" yy="0" zz="-10" />
            <controlpoint xx="10" yy="0" zz="0" />
        </linear>

        <circular id="c1" span="3" center="5 0 -40" radius="5" startang="180" rotang="180" />

        <circular id="c2" span="3" center="5 0 0" radius="5" startang="0" rotang="180" />

    </animations>

    <primitives>

        <primitive id="cone">
            <cylinder2 base="5" top="0" height="1" slices="20" stacks="1" />
        </primitive>

        <primitive id="towel">
            <rectangle x1="-7" y1="-4" x2="7" y2="4" />
        </primitive>

        <primitive id="base">
            <cylinder2 base="0.2" top="0.2" height="7" slices="20" stacks="1" />
        </primitive>

        <primitive id="sphere">
            <sphere radius="1" slices="20" stacks="20" />
        </primitive>

        <primitive id="vehicle">
            <vehicle/>
        </primitive>

        <primitive id="cylinder2">
            <cylinder2 base="2" top="1" height="2" slices="20" stacks="20" />
        </primitive>

        <primitive id="terrain">
            <terrain idtexture="terrain" idheightmap="height" parts="100" heightscale="10"/>
        </primitive>

        <primitive id="water">
            <water idtexture="water" idwavemap="waterheight" parts="100" heightscale="3" texscale="0.4" />
        </primitive>

        <primitive id="board">
            <board />
        </primitive>

        <primitive id="bridge">
            <rectangle x1="-19" y1="-4" x2="20" y2="4" />
        </primitive>

        <primitive id="volcano">
            <terrain idtexture="volcano" idheightmap="volcanoheight" parts="100" heightscale="10"/>
        </primitive>

        <primitive id="lava">
            <water idtexture="lava" idwavemap="lavaheight" parts="100" heightscale="0.5" texscale="0.3" />
        </primitive>

        <primitive id="casino">
            <terrain idtexture="casino" idheightmap="casinoheight" parts="100" heightscale="10"/>
        </primitive>

    </primitives>

    <components>

        <component id="root">

            <transformation>
            </transformation>

            <materials>
                <material id="defMat"/>
            </materials>

            <texture id="none" length_s="1" length_t="1" />

            <children>
                <componentref id="Empty Scene"/>
                <componentref id="Beach Scene"/>
                <componentref id="Volcano Scene"/>
                <componentref id="Casino Scene"/>
                <componentref id="board"/>
            </children>

        </component>

        <component id="board">

            <transformation>
            </transformation>

            <materials>
                <material id="defMat"/>
            </materials>

            <texture id="none" length_s="1" length_t="1" />

            <children>
                <primitiveref id="board"/>
            </children>

        </component>

        <component id="Empty Scene">
            <scene></scene>
            <transformation></transformation>
            <materials>
                <material id="defMat"/>
            </materials>
            <texture id="none" length_s="1" length_t="1" />
            <children></children>
        </component>

        <component id="Beach Scene">
            <scene></scene>
            <transformation>
                <scale x="3" y="3" z="3" />
                <rotate axis="y" angle="-90" />
                <translate x="0" y="-5.1" z="0" />
            </transformation>
            <materials>
                <material id="defMat"/>
            </materials>
            <texture id="none" length_s="1" length_t="1" />
            <children>
                <componentref id="ball"/>
                <componentref id="vehicle"/>
                <componentref id="terrain"/>
                <componentref id="water"/>
                <componentref id="umbrella"/>
                <componentref id="base"/>
                <componentref id="towel"/>
            </children>
        </component>

        <component id="vehicle">
            <transformation>
                <translate x="0" y="30" z="-10" />
                <scale x="0.1" y="0.1" z="0.1" />
            </transformation>
            <animations>
                <animationref id="l1" />
                <animationref id="c1" />
                <animationref id="l2" />
                <animationref id="c2" />
            </animations>
            <materials>
                <material id="defMat"/>
            </materials>
            <texture id="none" length_s="1" length_t="1" />
            <children>
                <primitiveref id="vehicle" />
            </children>
        </component>

        <component id="terrain">
            <transformation>
                <translate x="0" y="-5" z="0" />
                <rotate axis="x" angle="-90" />
                <scale x="40" y="40" z="1" />
            </transformation>
            <materials>
                <material id="defMat"/>
            </materials>
            <texture id="none" length_s="1" length_t="1" />
            <children>
                <primitiveref id="terrain" />
            </children>
        </component>

        <component id="water">
            <transformation>
                <translate x="0" y="-4" z="0" />
                <rotate axis="x" angle="-90" />
                <scale x="40" y="40" z="1" />
            </transformation>
            <materials>
                <material id="defMat"/>
            </materials>
            <texture id="none" length_s="1" length_t="1" />
            <children>
                <primitiveref id="water" />
            </children>
        </component>

        <component id="towel">
            <transformation>
                <translate x="0" y="5.01" z="0" />
                <rotate axis="y" angle="90" />
                <rotate axis="x" angle="270" />
            </transformation>
            <texture id="towel" length_s="1" length_t="1" />
            <materials>
                <material id="defMat"/>
            </materials>
            <children>
                <primitiveref id="towel" />
            </children>
        </component>

        <component id="ball">
            <transformation>
                <translate x="-8" y="7" z="2" />
                <rotate axis="y" angle="180" />
                <scale x="1.5" y="1.5" z="1.5" />
            </transformation>
            <materials>
                <material id="defMat" />
            </materials>
            <texture id="ball" length_s="1" length_t="1" />
            <children>
                <primitiveref id="sphere" />
            </children>
        </component>

        <component id="umbrella">
            <transformation>
                <translate x="-7" y="15" z="0" />
                <rotate axis="y" angle="90" />
            </transformation>
            <materials>
                <material id="defMat"/>
            </materials>
            <texture id="umbrella" length_s="1" length_t="1"/>
            <children>
                <primitiveref id="cone" />
            </children>
        </component>

        <component id="base">
            <transformation>
                <translate x="-7" y="5" z="0" />
                <rotate axis="y" angle="90" />
                <scale x="1" y="1" z="1" />
            </transformation>
            <materials>
                <material id="defMat"/>
            </materials>
            <texture id="wood" length_s="0.5" length_t="0.5"/>
            <children>
                <primitiveref id="base" />
            </children>
        </component>

        <component id="Volcano Scene">
            <scene></scene>
            <transformation>
                <scale x="3" y="3" z="3" />
                <rotate axis="y" angle="-90" />
                <translate x="0" y="-2.22" z="0" />
            </transformation>
            <materials>
                <material id="defMat"/>
            </materials>
            <texture id="none" length_s="1" length_t="1" />
            <children>
                <componentref id="volcano"/>
                <componentref id="bridge"/>
                <componentref id="lava"/>
            </children>
        </component>

        <component id="volcano">
            <transformation>
                <translate x="0" y="-5" z="0" />
                <rotate axis="x" angle="-90" />
                <scale x="40" y="40" z="1" />
            </transformation>
            <materials>
                <material id="defMat"/>
            </materials>
            <texture id="none" length_s="1" length_t="1" />
            <children>
                <primitiveref id="volcano" />
            </children>
        </component>

        <component id="lava">
            <transformation>
                <translate x="0" y="-2" z="0" />
                <rotate axis="x" angle="-90" />
                <scale x="18" y="18" z="1" />
            </transformation>
            <materials>
                <material id="defMat"/>
            </materials>
            <texture id="none" length_s="1" length_t="1" />
            <children>
                <primitiveref id="lava" />
            </children>
        </component>

        <component id="bridge">
            <transformation>
                <translate x="0" y="2.2" z="0" />
                <rotate axis="y" angle="90" />
                <rotate axis="x" angle="270" />
            </transformation>
            <texture id="bridge" length_s="1" length_t="1" />
            <materials>
                <material id="defMat"/>
            </materials>
            <children>
                <primitiveref id="bridge" />
            </children>
        </component>

        <component id="Casino Scene">
            <scene></scene>
            <transformation>
                <scale x="1.6" y="1.6" z="1.6" />
                <rotate axis="y" angle="-90" />
                <translate x="0" y="-5.1" z="0" />
            </transformation>
            <materials>
                <material id="defMat"/>
            </materials>
            <texture id="none" length_s="1" length_t="1" />
            <children>
                <componentref id="casino"/>
                <componentref id="casinoball"/>
            </children>
        </component>

        <component id="casino">
            <transformation>
                <translate x="0" y="-5" z="0" />
                <rotate axis="x" angle="-90" />
                <scale x="40" y="40" z="1" />
            </transformation>
            <materials>
                <material id="defMat"/>
            </materials>
            <texture id="none" length_s="1" length_t="1" />
            <children>
                <primitiveref id="casino" />
            </children>
        </component>

        <component id="casinoball">
            <transformation>
                <translate x="11.25" y="-3" z="-11.25" />
                <scale x="2" y="2" z="2" />
            </transformation>
            <materials>
                <material id="defMat" />
            </materials>
            <texture id="metal" length_s="1" length_t="1" />
            <children>
                <primitiveref id="sphere" />
            </children>
        </component>

    </components>

</yas>
