<yas>

    <scene root="root" axis_length="0" />

    <views default="perspective">
        <perspective id="perspective" near="1" far="100" angle="0">
            <from x="20" y="20" z="20" />
            <to x="0" y="0" z="0" />
        </perspective>

        <ortho id="ortho" near="1" far="100" left="-10" right="10" top="-10" bottom="10" />
    </views>

    <ambient>
        <ambient r="0.1" g="0.1" b="0.1" a="1" />
        <background r="0.5" g="0.8" b="1" a="1" />
    </ambient>

    <lights>
        <omni id="omni" enabled="true">
            <location x="0" y="7" z="0" w="0" />
            <ambient r="1" g="1" b="1" a="1" />
            <diffuse r="1" g="1" b="1" a="1" />
            <specular r="0" g="0" b="0" a="1" />
        </omni>

        <spot id="spot" enabled="false" angle="30" exponent="1">
            <location x="5" y="0" z="5" w="0" />
            <target x="0" y="0" z="0" />
            <ambient r="0.1" g="0.1" b="0.1" a="1" />
            <diffuse r="0.2" g="0.2" b="0.2" a="1" />
            <specular r="0" g="0" b="0" a="1" />
        </spot>
    </lights>

    <textures>
        <texture id="board" file="images/board.jpg" />
        <texture id="metal" file="images/metal.jpg" />
        <texture id="court" file="images/court.jpg" />
    </textures>

    <materials>
        <material id="defMat" shininess = "1">
            <emission r="0" g="0" b="0" a="0" />
            <ambient r="1" g="1" b="1" a="0" />
            <diffuse r="1" g="1" b="1" a="0" />
            <specular r="1" g="1" b="1" a="0" />
        </material>
        <material id="baseMat" shininess = "1">
            <emission r="0" g="0" b="0" a="0" />
            <ambient r="0.6" g="0.2" b="0.1" a="0" />
            <diffuse r="0.6" g="0.2" b="0.1" a="0" />
            <specular r="0.6" g="0.2" b="0.1" a="0" />
        </material>
        <material id="ringMat" shininess = "1">
            <emission r="0" g="0" b="0" a="0" />
            <ambient r="1" g="0.2" b="0.2" a="0" />
            <diffuse r="1" g="0.2" b="0.2" a="0" />
            <specular r="1" g="0.2" b="0.2" a="0" />
        </material>
        <material id="ballMat" shininess = "1">
            <emission r="0" g="0" b="0" a="0" />
            <ambient r="1" g="0.3" b="0" a="0" />
            <diffuse r="1" g="0.3" b="0" a="0" />
            <specular r="1" g="0.3" b="0" a="0" />
        </material>
        <material id="skinMat" shininess = "1">
            <emission r="0" g="0" b="0" a="0" />
            <ambient r="0.9" g="0.8" b="0.5" a="0" />
            <diffuse r="0.9" g="0.8" b="0.5" a="0" />
            <specular r="0.9" g="0.8" b="0.5" a="0" />
        </material>
        <material id="shirtMat" shininess = "1">
            <emission r="0" g="0" b="0" a="0" />
            <ambient r="0.1" g="0.1" b="0.1" a="0" />
            <diffuse r="0.1" g="0.1" b="0.1" a="0" />
            <specular r="0.1" g="0.1" b="0.1" a="0" />
        </material>
    </materials>

    <transformations>
        <transformation id="trans">
            <translate x="0" y="0" z="2" />
            <rotate axis="x" angle="90" />
            <scale x="1" y="1" z="1" />
        </transformation>
    </transformations>

    <primitives>
        <primitive id="rectangle">
            <rectangle x1="-1" y1="-1" x2="1" y2="1" />
        </primitive>

        <primitive id="triangle">
            <triangle x1="-1" y1="0" z1="0" x2="0" y2="1" z2="0" x3="1" y3="0" z3="0" />
        </primitive>

        <primitive id="cylinder">
            <cylinder base="1" top="1" height="1" slices="20" stacks="1" />
        </primitive>

        <primitive id="sphere">
            <sphere radius="1" slices="20" stacks="20" />
        </primitive>

        <primitive id="torus">
            <torus inner="1" outer="1.2" slices="20" loops="20" />
        </primitive>
    </primitives>

    <components>

        <!-- Board with the base, post and the top for the backboard -->
        <component id="board1">
            <transformation>
                <translate x="0" y="0" z="-13.4" />
            </transformation>
            <texture id="metal" length_s="1" length_t="1" />
            <materials>
                <material id="defMat" />
            </materials>
            <children>
                <componentref id="base" />
                <componentref id="post" />
                <componentref id="top" />
            </children>
        </component>

        <component id="board2">
            <transformation>
                <rotate axis="y" angle="180" />
                <translate x="0" y="0" z="13.4" />
            </transformation>
            <texture id="metal" length_s="1" length_t="1" />
            <materials>
                <material id="defMat" />
            </materials>
            <children>
                <componentref id="base" />
                <componentref id="post" />
                <componentref id="top" />
            </children>
        </component>

        <component id="base">
            <transformation>
            </transformation>
            <materials>
                <material id="baseMat" />
            </materials>
            <texture id="inherit" length_s="1" length_t="1" />
            <children>
                <primitiveref id="triangle" />
            </children>
        </component>

        <component id="post">
            <transformation>
                <scale x="0.1" y="0.1" z="4" />
                <rotate axis="x" angle="90" />
                <translate x="0" y="2" z="0" />
            </transformation>
            <materials>
                <material id="inherit" />
            </materials>
            <texture id="inherit" length_s="1" length_t="1" />
            <children>
                <primitiveref id="cylinder" />
            </children>
        </component>

        <!-- Top with the ring and proper backboard -->
        <component id="top">
            <transformation>
                <translate x="0" y="4" z="0" />
            </transformation>
            <materials>
                <material id="inherit" />
            </materials>
            <texture id="inherit" length_s="1" length_t="1" />
            <children>
                <componentref id="connector" />
                <componentref id="ring" />
                <componentref id="backboard" />
            </children>
        </component>

        <component id="connector">
            <transformation>
                <scale x="0.1" y="0.1" z="0.8" />
                <translate x="0" y="0" z="0.5" />
            </transformation>
            <materials>
                <material id="inherit" />
            </materials>
            <texture id="inherit" length_s="1" length_t="1" />
            <children>
                <primitiveref id="cylinder" />
            </children>
        </component>

        <component id="ring">
            <transformation>
                <scale x="0.4" y="0.4" z="0.4" />
                <rotate axis="x" angle="90" />
                <translate x="0" y="0" z="1.4" />
            </transformation>
            <materials>
                <material id="ringMat" />
            </materials>
            <texture id="inherit" length_s="1" length_t="1" />
            <children>
                <primitiveref id="torus" />
            </children>
        </component>

        <component id="backboard">
            <transformation>
                <rotate axis="z" angle="-90" />
                <translate x="0" y="0.7" z="1" />
                <scale x="1.5" y="1" z="1" />
            </transformation>
            <materials>
                <material id="inherit" />
            </materials>
            <texture id="board" length_s="1" length_t="1" />
            <children>
                <primitiveref id="rectangle" />
            </children>
        </component>

        <!-- Court -->
        <component id="court">
            <transformation>
                <rotate axis="x" angle="90" />
                <scale x="8" y="1" z="14" />
            </transformation>
            <materials>
                <material id="defMat" />
            </materials>
            <texture id="court" length_s="1" length_t="1" />
            <children>
                <primitiveref id="rectangle" />
            </children>
        </component>

        <!-- Ball -->
        <component id="ball">
            <transformation>
                <translate x="0" y="10" z="0" />
                <scale x="0.3" y="0.3" z="0.3" />
            </transformation>
            <materials>
                <material id="ballMat" />
            </materials>
            <texture id="none" length_s="1" length_t="1" />
            <children>
                <primitiveref id="sphere" />
            </children>
        </component>

        <!-- Player -->
        <component id="player1">
            <transformation>
                <translate x="0" y="1.5" z="-2" />
            </transformation>
            <materials>
                <material id="skinMat" />
            </materials>
            <texture id="none" length_s="1" length_t="1" />
            <children>
                <componentref id="upperbody" />
                <componentref id="lowerbody" />
            </children>
        </component>

        <component id="player2">
            <transformation>
                <translate x="0" y="1.5" z="2" />
            </transformation>
            <materials>
                <material id="skinMat" />
            </materials>
            <texture id="none" length_s="1" length_t="1" />
            <children>
                <componentref id="upperbody" />
                <componentref id="lowerbody" />
            </children>
        </component>

        <component id="upperbody">
            <transformation>
            </transformation>
            <materials>
                <material id="inherit" />
            </materials>
            <texture id="inherit" length_s="1" length_t="1" />
            <children>
                <componentref id="torso" />
                <componentref id="arm1" />
                <componentref id="arm2" />
                <componentref id="head" />
            </children>
        </component>

        <component id="torso">
            <transformation>
                <scale x="0.4" y="0.8" z="0.4" />
            </transformation>
            <materials>
                <material id="shirtMat" />
            </materials>
            <texture id="inherit" length_s="1" length_t="1" />
            <children>
                <primitiveref id="sphere"/>
            </children>
        </component>

        <component id="arm1">
            <transformation>
                <translate x="2.5" y="0" z="0" />
                <scale x="0.2" y="0.6" z="0.2" />
                <rotate axis="z" angle= "10"/>
            </transformation>
            <materials>
                <material id="inherit" />
            </materials>
            <texture id="inherit" length_s="1" length_t="1" />
            <children>
                <primitiveref id="sphere"/>
                <componentref id="hand"/>
            </children>
        </component>

        <component id="arm2">
            <transformation>
                <translate x="-2.5" y="0" z="0" />
                <scale x="0.2" y="0.6" z="0.2" />
                <rotate axis="z" angle= "-10"/>
            </transformation>
            <materials>
                <material id="inherit" />
            </materials>
            <texture id="inherit" length_s="1" length_t="1" />
            <children>
                <primitiveref id="sphere"/>
                <componentref id="hand"/>
            </children>
        </component>

        <component id="hand">
            <transformation>
                <translate x="0" y="-5" z="0" />
                <scale x="0.6" y="0.2" z="0.6" />
            </transformation>
            <materials>
                <material id="inherit" />
            </materials>
            <texture id="inherit" length_s="1" length_t="1" />
            <children>
                <primitiveref id="sphere"/>
            </children>
        </component>

        <component id="head">
            <transformation>
                <translate x="0" y="3" z="0" />
                <scale x="0.3" y="0.3" z="0.3" />
            </transformation>
            <materials>
                <material id="inherit" />
            </materials>
            <texture id="inherit" length_s="1" length_t="1" />
            <children>
                <primitiveref id="sphere"/>
            </children>
        </component>

        <component id="lowerbody">
            <transformation>
            </transformation>
            <materials>
                <material id="inherit" />
            </materials>
            <texture id="inherit" length_s="1" length_t="1" />
            <children>
                <componentref id="leg1" />
                <componentref id="leg2" />
            </children>
        </component>

        <component id="leg1">
            <transformation>
                <translate x="1" y="-0.5" z="0" />
                <scale x="0.2" y="1" z="0.2" />
            </transformation>
            <materials>
                <material id="shirtMat" />
            </materials>
            <texture id="inherit" length_s="1" length_t="1" />
            <children>
                <primitiveref id="sphere"/>
            </children>
        </component>

        <component id="leg2">
            <transformation>
                <translate x="-1" y="-0.5" z="0" />
                <scale x="0.2" y="1" z="0.2" />
            </transformation>
            <materials>
                <material id="shirtMat" />
            </materials>
            <texture id="inherit" length_s="1" length_t="1" />
            <children>
                <primitiveref id="sphere"/>
            </children>
        </component>

    </components>

</yas>